Site_ID,Initial_year,Final_year,N_sampling_months,Trap_nights,Months_of_sampling,Pitfall_traps,Small_traps,Large_traps,Snap_traps,Notes
1001,1997,1997,1,500,June,1,1,0,1,NULL
1002,1997,1997,1,500,June,1,1,0,1,NULL
1003,1997,1997,1,500,June,1,1,0,1,NULL
1004,1997,1997,1,500,June,1,1,0,1,NULL
1005,1997,1997,1,1000,June,1,1,0,1,NULL
1006,1997,1997,1,500,June,1,1,0,1,NULL
1007,1997,1997,1,500,June,1,1,0,1,NULL
1008,2002,2004,10,2397,April; May; June; October; November,0,1,1,0,29 May-2 Jun; 23-29 Oct; 24-25 Nov 2002; 7-13 Apr; 7-13 Oct; 4-10 Nov 2003; 31 Mar-5 Apr; 14-16 Apr; 11-12 May; 23-28 Jun 2004
1009,2002,2004,10,1492,April; May; June; July; October; November,0,1,1,0,1-2 Jul; 10-15 Oct; 23 Nov 2002; 28-31 Mar; 6-10 & 21-27 May; 26-28 Sep 2003; 30 Apr-3 May; 8-14 & 22-23 Jun 2004
1010,2002,2003,5,1313,May; June; October; November,0,1,1,0,12-18 Jun; 6-10 Nov 2002; 10-13 May; 3-10 Jun; 21-24 Oct 2003; 
1011,2002,2004,5,604,April; June; August; September,0,1,1,0,24-25 Apr; 3-4 Jun; 21-24 Aug 2002; 22-25 Apr 2003; 8-10 Sep 2004
1012,2002,2004,10,1538,March; April; May; June; September; October,0,1,1,0,30 Jun-1 Jul; 25-30 Sep 2002; 26-28 Mar; 25-28 Apr; 17-24 Jun; 23-26 Sep; 24-27 Oct 2003; 16-19 Apr; 26-30 Apr; 12-16 May 2004
1013,1999,2000,5,13800,April; May; July; August; October; November,0,1,1,0,NULL
1014,1999,2000,5,13800,April; May; July; August; October; November,0,1,1,0,NULL
1015,1999,2000,5,13800,April; May; July; August; October; November,0,1,1,0,NULL
1016,1999,2000,5,13800,April; May; July; August; October; November,0,1,1,0,NULL
1017,1999,2002,11,15900,April; May; July; August; October; November,0,1,1,0,NULL
1018,1999,2002,11,15900,April; May; July; August; October; November,0,1,1,0,NULL
1019,1999,2002,11,15900,April; May; July; August; October; November,0,1,1,0,NULL
1020,1999,2002,11,15900,April; May; July; August; October; November,0,1,1,0,NULL
1021,1978,1978,1,1440,April; May; June; July; August,0,1,0,1,NULL
1022,1978,1978,1,7560,April; May; June; July; August,0,1,0,1,NULL
1023,1978,1978,1,810,April; May; June; July; August,0,1,0,1,NULL
1024,1978,1978,1,2160,April; May; June; July; August,0,1,0,1,NULL
1025,1978,1978,1,810,April; May; June; July; August,0,1,0,1,NULL
1026,1978,1978,1,1350,April; May; June; July; August,0,1,0,1,NULL
1027,1978,1978,1,810,April; May; June; July; August,0,1,0,1,NULL
1028,1978,1978,1,1080,April; May; June; July; August,0,1,0,1,NULL
1029,1980,1981,2,2376,August,0,1,0,0,NULL
1030,1980,1981,2,2376,August,0,1,0,0,NULL
1031,1980,1981,2,2376,August,0,1,0,0,NULL
1032,1980,1981,2,2376,August,0,1,0,0,NULL
1033,1980,1981,2,2376,August,0,1,0,0,NULL
1034,1975,1976,2,1200,August; September,0,1,0,0,NULL
1034,1977,1979,3,1800,August; September,0,1,0,0,NULL
1035,1975,1976,2,1200,August; September,0,1,0,0,NULL
1036,1982,1982,2,860,April; May,1,0,0,0,Apr 12-May 24 1982
1037,1982,1982,2,860,April; May,1,0,0,0,Apr 12-May 24 1983
1038,1982,1982,2,860,April; May,1,0,0,0,Apr 12-May 24 1984
1039,1982,1982,2,860,April; May,1,0,0,0,Apr 12-May 24 1985
1040,1960,1964,1,NULL,NULL,0,0,0,1,NULL
1041,1960,1964,1,NULL,NULL,0,0,0,1,NULL
1042,1960,1964,1,NULL,NULL,0,0,0,1,NULL
1043,1960,1964,1,NULL,NULL,0,0,0,1,NULL
1044,1960,1964,1,NULL,NULL,0,0,0,1,NULL
1045,1960,1964,1,NULL,NULL,0,0,0,1,NULL
1046,1960,1964,1,NULL,NULL,0,0,0,1,NULL
1047,1960,1964,1,NULL,NULL,0,0,0,1,NULL
1048,1960,1964,1,NULL,NULL,0,0,0,1,NULL
1049,1960,1964,1,NULL,NULL,0,0,0,1,NULL
1050,1960,1964,1,NULL,NULL,0,0,0,1,NULL
1051,1960,1964,1,NULL,NULL,0,0,0,1,NULL
1052,1960,1964,1,NULL,NULL,0,0,0,1,NULL
1053,1960,1964,1,NULL,NULL,0,0,0,1,NULL
1054,1960,1964,1,NULL,NULL,0,0,0,1,NULL
1055,1960,1964,1,NULL,NULL,0,0,0,1,NULL
1056,1960,1964,1,NULL,NULL,0,0,0,1,NULL
1057,1960,1964,1,NULL,NULL,0,0,0,1,NULL
1058,1960,1964,1,NULL,NULL,0,0,0,1,NULL
1059,1960,1964,1,NULL,NULL,0,0,0,1,NULL
1060,1960,1964,1,NULL,NULL,0,0,0,1,NULL
1061,1960,1964,1,NULL,NULL,0,0,0,1,NULL
1062,1960,1964,1,NULL,NULL,0,0,0,1,NULL
1063,1960,1964,1,NULL,NULL,0,0,0,1,NULL
1064,1960,1964,1,NULL,NULL,0,0,0,1,NULL
1065,1960,1964,1,NULL,NULL,0,0,0,1,NULL
1066,1960,1964,1,NULL,NULL,0,0,0,1,NULL
1067,1960,1964,1,NULL,NULL,0,0,0,1,NULL
1068,1960,1964,1,NULL,NULL,0,0,0,1,NULL
1069,1960,1964,1,NULL,NULL,0,0,0,1,NULL
1070,1960,1964,1,NULL,NULL,0,0,0,1,NULL
1071,1960,1964,1,NULL,NULL,0,0,0,1,NULL
1072,1960,1964,1,NULL,NULL,0,0,0,1,NULL
1073,1960,1964,1,NULL,NULL,0,0,0,1,NULL
1074,1960,1964,1,NULL,NULL,0,0,0,1,NULL
1075,1960,1964,1,NULL,NULL,0,0,0,1,NULL
1076,1960,1964,1,NULL,NULL,0,0,0,1,NULL
1077,1960,1964,1,NULL,NULL,0,0,0,1,NULL
1078,1960,1964,1,NULL,NULL,0,0,0,1,NULL
1079,1960,1964,1,NULL,NULL,0,0,0,1,NULL
1080,1960,1964,1,NULL,NULL,0,0,0,1,NULL
1081,1960,1964,1,NULL,NULL,0,0,0,1,NULL
1082,1960,1964,1,NULL,NULL,0,0,0,1,NULL
1083,1960,1964,1,NULL,NULL,0,0,0,1,NULL
1084,1960,1964,1,NULL,NULL,0,0,0,1,NULL
1085,1960,1964,1,NULL,NULL,0,0,0,1,NULL
1086,1960,1964,1,NULL,NULL,0,0,0,1,NULL
1087,1960,1964,1,NULL,NULL,0,0,0,1,NULL
1088,1960,1964,1,NULL,NULL,0,0,0,1,NULL
1089,1960,1964,1,NULL,NULL,0,0,0,1,NULL
1090,1960,1964,1,NULL,NULL,0,0,0,1,NULL
1091,1960,1964,1,NULL,NULL,0,0,0,1,NULL
1092,1960,1964,1,NULL,NULL,0,0,0,1,NULL
1093,1960,1964,1,NULL,NULL,0,0,0,1,NULL
1094,1960,1964,1,NULL,NULL,0,0,0,1,NULL
1095,1960,1964,1,NULL,NULL,0,0,0,1,NULL
1096,1960,1964,1,NULL,NULL,0,0,0,1,NULL
1097,1960,1964,1,NULL,NULL,0,0,0,1,NULL
1098,1960,1964,1,NULL,NULL,0,0,0,1,NULL
1099,1960,1964,1,NULL,NULL,0,0,0,1,NULL
1100,1960,1964,1,NULL,NULL,0,0,0,1,NULL
1101,1960,1964,1,NULL,NULL,0,0,0,1,NULL
1102,1960,1964,1,NULL,NULL,0,0,0,1,NULL
1103,1960,1964,1,NULL,NULL,0,0,0,1,NULL
1104,1960,1964,1,NULL,NULL,0,0,0,1,NULL
1105,1960,1964,1,NULL,NULL,0,0,0,1,NULL
1106,1960,1964,1,NULL,NULL,0,0,0,1,NULL
1107,1960,1964,1,NULL,NULL,0,0,0,1,NULL
1108,1960,1964,1,NULL,NULL,0,0,0,1,NULL
1109,1960,1964,1,NULL,NULL,0,0,0,1,NULL
1110,1960,1964,1,NULL,NULL,0,0,0,1,NULL
1111,1960,1964,1,NULL,NULL,0,0,0,1,NULL
1112,1960,1964,1,NULL,NULL,0,0,0,1,NULL
1113,1960,1964,1,NULL,NULL,0,0,0,1,NULL
1114,1960,1964,1,NULL,NULL,0,0,0,1,NULL
1115,1960,1964,1,NULL,NULL,0,0,0,1,NULL
1116,1960,1964,1,NULL,NULL,0,0,0,1,NULL
1117,1960,1964,1,NULL,NULL,0,0,0,1,NULL
1118,1960,1964,1,NULL,NULL,0,0,0,1,NULL
1119,1960,1964,1,NULL,NULL,0,0,0,1,NULL
1120,1960,1964,1,NULL,NULL,0,0,0,1,NULL
1121,1960,1964,1,NULL,NULL,0,0,0,1,NULL
1122,1960,1964,1,NULL,NULL,0,0,0,1,NULL
1123,1960,1964,1,NULL,NULL,0,0,0,1,NULL
1124,1960,1964,1,NULL,NULL,0,0,0,1,NULL
1125,1960,1964,1,NULL,NULL,0,0,0,1,NULL
1126,1960,1964,1,NULL,NULL,0,0,0,1,NULL
1127,1960,1964,1,NULL,NULL,0,0,0,1,NULL
1128,1960,1964,1,NULL,NULL,0,0,0,1,NULL
1129,1960,1964,1,NULL,NULL,0,0,0,1,NULL
1130,1960,1964,1,NULL,NULL,0,0,0,1,NULL
1131,1960,1964,1,NULL,NULL,0,0,0,1,NULL
1132,1960,1964,1,NULL,NULL,0,0,0,1,NULL
1133,1960,1964,1,NULL,NULL,0,0,0,1,NULL
1134,1960,1964,1,NULL,NULL,0,0,0,1,NULL
1135,1960,1964,1,NULL,NULL,0,0,0,1,NULL
1136,1960,1964,1,NULL,NULL,0,0,0,1,NULL
1137,1960,1964,1,NULL,NULL,0,0,0,1,NULL
1138,1960,1964,1,NULL,NULL,0,0,0,1,NULL
1139,1960,1964,1,NULL,NULL,0,0,0,1,NULL
1140,1960,1964,1,NULL,NULL,0,0,0,1,NULL
1141,1960,1964,1,NULL,NULL,0,0,0,1,NULL
1142,1960,1964,1,NULL,NULL,0,0,0,1,NULL
1143,1960,1964,1,NULL,NULL,0,0,0,1,NULL
1144,1960,1964,1,NULL,NULL,0,0,0,1,NULL
1145,1960,1964,1,NULL,NULL,0,0,0,1,NULL
1146,1960,1964,1,NULL,NULL,0,0,0,1,NULL
1147,1960,1964,1,NULL,NULL,0,0,0,1,NULL
1148,1960,1964,1,NULL,NULL,0,0,0,1,NULL
1149,1960,1964,1,NULL,NULL,0,0,0,1,NULL
1150,1960,1964,1,NULL,NULL,0,0,0,1,NULL
1151,1960,1964,1,NULL,NULL,0,0,0,1,NULL
1152,1960,1964,1,NULL,NULL,0,0,0,1,NULL
1153,1960,1964,1,NULL,NULL,0,0,0,1,NULL
1154,1960,1964,1,NULL,NULL,0,0,0,1,NULL
1155,1960,1961,17,7344,all,0,1,0,0,NULL
1156,1960,1961,18,7776,all,0,1,0,0,NULL
1157,1960,1961,15,6480,all,0,1,0,0,NULL
1158,1960,1963,29,12528,all,0,1,0,0,NULL
1159,1960,1961,28,7776,all,0,1,0,0,NULL
1160,1960,1961,13,5616,all,0,1,0,0,NULL
1161,1960,1961,15,6480,all,0,1,0,0,NULL
1162,1960,1961,18,7776,all,0,1,0,0,NULL
1163,1960,1961,9,1620,all,0,1,0,0,NULL
1164,1960,1961,9,1620,all,0,1,0,0,NULL
1165,1975,1976,2,1548,August,0,1,0,1,99 Sherman traps/plot for 6 nights; 60 snap traps/plot for 3 nights; for 2 yrs
1166,1975,1976,2,1548,August,0,1,0,1,99 Sherman traps/plot for 6 nights; 60 snap traps/plot for 3 nights; for 2 yrs
1166,1978,1979,2,1548,August,0,1,0,1,99 Sherman traps/plot for 6 nights; 60 snap traps/plot for 3 nights; for 2 yrs
1167,1974,1974,1,480,October,0,0,0,1,NULL
1168,1975,1975,1,720,July,0,1,0,0,NULL
1169,1975,1975,1,480,October,0,0,0,1,equal time for snap and live traps--480 ea
1170,1975,1976,1,480,October,0,1,0,0,NULL
1171,1959,1961,22,12100,all,0,1,0,0,NULL
1172,1959,1960,10,6800,January; February; March; April; May; June; July; October,0,1,0,0,NULL
1173,1959,1959,5,2300,January; February; March; April; May,0,1,0,0,NULL
1174,1959,1959,5,3000,January; February; March; April; May,0,1,0,0,NULL
1175,1959,1960,8,3800,August; September; October; November; December; January; February; March,0,1,0,0,NULL
1176,1959,1960,8,3800,August; September; October; November; December; January; February; March,0,1,0,0,NULL
1177,1960,1961,5,2200,all,0,1,0,0,NULL
1178,1960,1961,5,2200,all,0,1,0,0,NULL
1179,1960,1961,6,8256,November; December; January; February; March; April,0,1,0,1,NULL
1180,1988,1988,1,600,July,0,0,0,1,NULL
1181,1988,1988,1,600,July,0,0,0,1,NULL
1182,1973,1973,1,3000,fall,0,0,0,1,NULL
1182,1974,1974,1,3000,spring,0,0,0,1,NULL
1182,1974.5,1974.5,1,3000,fall,0,0,0,1,NULL
1182,1975,1975,1,3000,spring,0,0,0,1,NULL
1182,1975.5,1975.5,1,3000,fall,0,0,0,1,NULL
1182,1976,1976,1,3000,spring,0,0,0,1,NULL
1182,1976.5,1976.5,1,3000,fall,0,0,0,1,NULL
1182,1977,1977,1,3000,spring,0,0,0,1,NULL
1182,1977.5,1977.5,1,3000,fall,0,0,0,1,NULL
1182,1978,1978,1,3000,spring,0,0,0,1,NULL
1182,1978.5,1978.5,1,3000,fall,0,0,0,1,NULL
1182,1979,1979,1,3000,spring,0,0,0,1,NULL
1182,1979.5,1979.5,1,3000,fall,0,0,0,1,NULL
1182,1980,1980,1,3000,spring,0,0,0,1,NULL
1182,1980.5,1980.5,1,3000,fall,0,0,0,1,NULL
1182,1981,1981,1,3000,spring,0,0,0,1,NULL
1182,1981.5,1981.5,1,3000,fall,0,0,0,1,NULL
1182,1982,1982,1,3000,spring,0,0,0,1,NULL
1182,1982.5,1982.5,1,3000,fall,0,0,0,1,NULL
1182,1983,1983,1,3000,spring,0,0,0,1,NULL
1182,1983.5,1983.5,1,3000,fall,0,0,0,1,NULL
1182,1984,1984,1,3000,spring,0,0,0,1,NULL
1182,1984.5,1984.5,1,3000,fall,0,0,0,1,NULL
1182,1985,1985,1,3000,spring,0,0,0,1,NULL
1182,1985.5,1985.5,1,3000,fall,0,0,0,1,NULL
1182,1986,1986,1,3000,spring,0,0,0,1,NULL
1182,1986.5,1986.5,1,3000,fall,0,0,0,1,NULL
1183,1975,1975,1,4500,spring,0,0,0,1,NULL
1183,1975.5,1975.5,1,4500,fall,0,0,0,1,NULL
1183,1976,1976,1,4500,spring,0,0,0,1,NULL
1183,1976.5,1976.5,1,4500,fall,0,0,0,1,NULL
1183,1977,1977,1,4500,spring,0,0,0,1,NULL
1183,1977.5,1977.5,1,4500,fall,0,0,0,1,NULL
1183,1978,1978,1,4500,spring,0,0,0,1,NULL
1183,1978.5,1978.5,1,4500,fall,0,0,0,1,NULL
1183,1979,1979,1,4500,spring,0,0,0,1,NULL
1183,1979.5,1979.5,1,4500,fall,0,0,0,1,NULL
1183,1980,1980,1,4500,spring,0,0,0,1,NULL
1183,1980.5,1980.5,1,4500,fall,0,0,0,1,NULL
1183,1981,1981,1,4500,spring,0,0,0,1,NULL
1183,1981.5,1981.5,1,4500,fall,0,0,0,1,NULL
1183,1982,1982,1,4500,spring,0,0,0,1,NULL
1183,1982.5,1982.5,1,4500,fall,0,0,0,1,NULL
1183,1983,1983,1,4500,spring,0,0,0,1,NULL
1183,1983.5,1983.5,1,4500,fall,0,0,0,1,NULL
1183,1984,1984,1,4500,spring,0,0,0,1,NULL
1183,1984.5,1984.5,1,4500,fall,0,0,0,1,NULL
1183,1985,1985,1,4500,spring,0,0,0,1,NULL
1183,1985.5,1985.5,1,4500,fall,0,0,0,1,NULL
1183,1986,1986,1,4500,spring,0,0,0,1,NULL
1183,1986.5,1986.5,1,4500,fall,0,0,0,1,NULL
1184,1988,1988,1,300,NULL,0,0,0,1,NULL
1185,1988,1988,1,300,NULL,0,0,0,1,NULL
1186,1988,1988,1,300,NULL,0,0,0,1,NULL
1187,1988,1988,1,300,NULL,0,0,0,1,NULL
1188,1988,1988,1,300,NULL,0,0,0,1,NULL
1189,1988,1988,1,300,NULL,0,0,0,1,NULL
1190,1988,1988,1,300,NULL,0,0,0,1,NULL
1191,1993,1993,1,300,NULL,0,0,0,1,NULL
1192,1993,1993,1,300,NULL,0,0,0,1,NULL
1193,1993,1993,1,300,NULL,0,0,0,1,NULL
1194,1993,1993,1,300,NULL,0,0,0,1,NULL
1195,1993,1993,1,300,NULL,0,0,0,1,NULL
1196,1993,1993,1,300,NULL,0,0,0,1,NULL
1197,2002,2002,2,3501,September; October; November,1,1,0,1,NULL
1198,2003,2003,1,3033,March; April,1,1,0,1,NULL
1199,2002,2002,1,2097,November,1,1,0,1,NULL
1200,2002,2002,1,3666,February; March,1,1,0,1,NULL
1201,2002,2002,2,3484,March; May; June,1,1,0,1,NULL
1202,2004,2004,2,2900,April; May; June; July; August; September; October,0,1,0,0,NULL
1202,2005,2005,2,3000,April; May; June; July; August; September; October,0,1,0,0,NULL
1203,2004,2004,2,2900,April; May; June; July; August; September; October,0,1,0,0,NULL
1203,2005,2005,2,3000,April; May; June; July; August; September; October,0,1,0,0,NULL
1204,1974,1979,21,6100,all,0,1,0,0,NULL
1205,1974,1979,21,6100,all,0,1,0,0,NULL
1206,1995,1995,1,580,November,1,0,0,0,each pitfall trapline 100-500 m; unclear how many or length
1207,1995,1995,2,1340,February; March,1,0,0,0,each pitfall trapline 100-500 m; unclear how many or length
1208,1998,1999,14,43240,all,1,0,0,0,each pitfall trapline 100-500 m; unclear how many or length
1209,1995,1995,1,780,November,1,0,0,0,each pitfall trapline 100-500 m; unclear how many or length
1210,1996,1996,4,4660,April; May; June; July: August; September; October; November,1,0,0,0,each pitfall trapline 100-500 m; unclear how many or length
1211,1995,1995,2,1720,August; September,1,0,0,0,each pitfall trapline 100-500 m; unclear how many or length
1212,1998,1999,14,49693,all,0,1,0,0,"random placement of Sherman traps in ""area"""
1213,1997,1997,1,2000,July; August; September; October,0,0,0,1,NULL
1214,1997,1997,1,1300,July; August; September; October,0,0,0,1,NULL
1215,1997,1997,1,1300,July; August; September; October,0,0,0,1,NULL
1216,1997,1997,1,1600,July; August; September; October,0,0,0,1,NULL
1217,1997,1997,1,1700,July; August; September; October,0,0,0,1,NULL
1218,1997,1997,1,1300,July; August; September; October,0,0,0,1,NULL
1219,1997,1997,1,1800,July; August; September; October,0,0,0,1,NULL
1220,1997,1997,1,300,July; August; September; October,0,0,0,1,NULL
1221,1997,1997,1,900,July; August; September; October,0,0,0,1,NULL
1222,1998,1998,1,798,July; August; September,1,1,0,0,NULL
1223,1998,1998,1,1596,July; August; September,1,1,0,0,NULL
1224,1998,1998,1,576,July; August; September,0,1,0,0,NULL
1225,1998,1998,1,1280,July; August; September,0,1,0,0,NULL
1226,1998,1998,1,1280,July; August; September,0,1,0,0,NULL
1227,1998,1998,1,1280,July; August; September,0,1,0,0,NULL
1228,1998,1998,1,240,July; August; September,0,1,0,0,NULL
1229,1994,1995,8,2400,May; June; July; August; September; October; November; December; January,1,0,0,0,NULL
1230,1963,1973,NULL,NULL,all,0,0,0,1,Monthly trapping June 1971-November 1973; other times sporadic or at different regular intervals; due to extremely low numbers 5 species are not included in the paper's species list
1231,2000,2000,2,88,February,1,1,0,0,NULL
1232,2000,2000,2,88,February,1,1,0,0,NULL
1233,2000,2000,2,88,February,1,1,0,0,NULL
1234,2000,2000,2,77,March,1,1,0,0,NULL
1235,2000,2000,2,77,March,1,1,0,0,NULL
1236,2000,2000,2,77,March,1,1,0,0,NULL
1237,2000,2000,2,77,March,1,1,0,0,NULL
1238,2000,2000,2,77,March,1,1,0,0,NULL
1239,2000,2000,2,77,March,1,1,0,0,NULL
1240,1998,1999,8,NULL,April; May; June; July,1,0,0,0,also used funnel traps (model#1275) and side-flap pail-traps (Nadorozny & Barr 1997)
1241,1998,1999,8,NULL,April; May; June; July,1,0,0,0,also used funnel traps (model#1275) and side-flap pail-traps (Nadorozny & Barr 1997)
1242,1994,1996,25,23762,all,0,1,1,0,NULL
1243,1994,1997,8,3692,February; March; April; June; November,0,1,1,0,NULL
1244,1994,1997,8,4556,January; April; June; July; August,0,1,1,0,NULL
1245,1995,1996,2,2445,March; February,0,1,1,0,NULL
1246,1994,1995,13,15642,all,0,1,0,0,NULL
1247,1994,1995,13,12600,all,0,1,0,0,NULL
1248,2003,2003,3,37152,July; August; September,0,1,1,0,NULL
1248,2004,2004,4,38240,May; June; July; August,0,1,1,0,NULL
1249,1971,1971,NULL,NULL,roughly bimonthly,0,1,0,0,NULL
1249,1972,1972,NULL,NULL,roughly bimonthly,0,1,0,0,NULL
1249,1973,1973,NULL,NULL,roughly bimonthly,0,1,0,0,NULL
1250,2002,2003,8,22800,May; June; July; August; October; November; February; March,0,1,1,0,NULL
1251,1999,1999,2,5280,July; August,0,1,1,0,NULL
1252,1981,1981,5,945,January; February; March; April; May,0,1,0,0,NULL
1253,1981,1981,5,972,January; February; March; April; May,0,1,0,0,NULL
1254,1981,1981,5,972,January; February; March; April; May,0,1,0,0,NULL
1255,1981,1981,5,948,January; February; March; April; May,0,1,0,0,NULL
1256,1981,1981,5,966,January; February; March; April; May,0,1,0,0,NULL
1257,1981,1981,5,954,January; February; March; April; May,0,1,0,0,NULL
1258,1962,1963,NULL,1954,summer,0,0,0,1,NULL
1259,1962,1963,NULL,2179,summer,0,0,0,1,NULL
1260,1962,1963,NULL,5309,summer,0,0,0,1,NULL
1261,1962,1963,NULL,800,summer,0,0,0,1,NULL
1262,1993,1994,11,69120,March; April; May; June; August; September; October,0,1,0,0,NULL
1263,1962,1965,33,32500,all,0,0,0,1,NULL
1264,1983,1984,12,NULL,bimonthly,0,1,0,0,NULL
1265,1982,1984,4,NULL,June; July; August,0,1,0,1,nets and visual observations also used
1266,1985,1988,12,NULL,June; July; August,0,1,0,1,nets and visual observations also used
1267,1985,1988,12,NULL,June; July; August,0,1,0,1,nets and visual observations also used
1268,1995,1997,16,4410,May; June; July; August; September; October,0,1,0,0,Longworth live trap
1269,1995,1997,16,4410,May; June; July; August; September; October,0,1,0,0,Longworth live trap
1270,1995,1997,16,4410,May; June; July; August; September; October,0,1,0,0,Longworth live trap
1271,1996,1996,2,12800,July; August ,0,1,0,0,NULL
1271,1997,1997,2,12800,July; August ,0,1,0,0,NULL
1272,1996,1996,2,12800,July; August ,0,1,0,0,NULL
1272,1997,1997,2,12800,July; August ,0,1,0,0,NULL
1273,1966,1967,8,2110,March; April; May; June; July; August; September,0,1,0,1,Used kill gopher traps
1274,1966,1967,8,2475,March; April; May; June; July; August; September,0,1,0,1,Used kill gopher traps
1275,1966,1967,8,1225,March; April; May; June; July; August; September,0,1,0,1,Used kill gopher traps
1276,1966,1967,8,1078,March; April; May; June; July; August; September,0,1,0,1,Used kill gopher traps
1277,1966,1967,8,1078,March; April; May; June; July; August; September,0,1,0,1,Used kill gopher traps
1278,1966,1967,8,1202,March; April; May; June; July; August; September,0,1,0,1,Used kill gopher traps
1279,1966,1967,8,196,March; April; May; June; July; August; September,0,1,0,1,Used kill gopher traps
1280,1998,1998,4,NULL,May; June; July; August,1,0,0,0,NULL
1281,1998,1998,4,NULL,May; June; July; August,1,0,0,0,NULL
1282,1998,1998,4,NULL,May; June; July; August,1,0,0,0,NULL
1282,2000,2000,4,NULL,May; June; July; August,1,0,0,0,NULL
1282,2001,2001,4,NULL,May; June; July; August,1,0,0,0,NULL
1282,2002,2002,4,NULL,May; June; July; August,1,0,0,0,NULL
1283,1998,1998,4,NULL,May; June; July; August,1,0,0,0,NULL
1283,2000,2000,4,NULL,May; June; July; August,1,0,0,0,NULL
1283,2001,2001,4,NULL,May; June; July; August,1,0,0,0,NULL
1283,2002,2002,4,NULL,May; June; July; August,1,0,0,0,NULL
1284,1995,2002,24,NULL,May; June; July; August,1,0,0,0,NULL
1285,1995,2002,24,NULL,May; June; July; August,1,0,0,0,NULL
1286,1999,2001,12,NULL,May; June; July; August,1,0,0,0,NULL
1287,1999,2001,12,NULL,May; June; July; August,1,0,0,0,NULL
1288,2003,2004,4,4400,October; November,0,1,0,0,NULL
1289,2003,2004,4,4400,October; November,0,1,0,0,NULL
1290,2003,2004,4,4400,October; November,0,1,0,0,NULL
1291,2003,2004,4,4400,October; November,0,1,0,0,NULL
1292,1981,1981,2,497,September; October,0,1,0,0,NULL
1293,1981,1981,2,485,September; October,0,1,0,0,NULL
1294,1981,1981,2,510,September; October,0,1,0,0,NULL
1295,1981,1981,2,508,September; October,0,1,0,0,NULL
1296,2003,2003,4,2400,May; June; August; September,0,1,0,0,NULL
1297,2003,2003,4,2400,May; June; August; September,0,1,0,0,NULL
1298,1980,1980,2,891,April; May,0,1,0,0,NULL
1298,1982,1982,1,198,April,0,1,0,0,NULL
1299,1984,1986,NULL,13626,NULL,0,1,1,0,NULL
1300,1994,1994,3,2484,June; July; August,0,1,0,0,NULL
1301,2004,2005,6,1345,November; December; January; February; March; April,0,0,0,1,NULL
1301,2005,2006,7,1950,October; November; December; January; February; March; April,0,0,0,1,NULL
1302,2000,2001,10,14112,August; September; October; November; January; February; March; May; June; July,0,1,0,0,NULL
1303,2004,2004,3,NULL,March; June; July,1,1,0,0,total 3021 trap nights across 4 sites
1304,2004,2004,3,NULL,March; June; July,1,1,0,0,total 3021 trap nights across 4 sites
1305,2004,2004,3,NULL,March; June; July,1,1,0,0,total 3021 trap nights across 4 sites
1306,2004,2004,3,NULL,March; June; July,1,1,0,0,total 3021 trap nights across 4 sites
1307,2005,2006,6,NULL,June; July; August,0,1,0,0,Longworth-style live traps; 15671 trap nights over total study--because traps were added; can't calculate TN for individual sites
1308,2005,2006,6,NULL,June; July; August,0,1,0,0,Longworth-style live traps; 15671 trap nights over total study--because traps were added; can't calculate TN for individual sites
1309,2005,2006,6,NULL,June; July; August,0,1,0,0,Longworth-style live traps; 15671 trap nights over total study--because traps were added; can't calculate TN for individual sites
1310,1998,1998,1,1125,June; July,0,1,1,0,NULL
1311,1998,1998,1,150,June; July,0,1,1,0,NULL
1312,1998,1998,1,150,June; July,0,1,1,0,NULL
1313,1998,1998,1,150,June; July,0,1,1,0,NULL
1314,1998,1998,1,280,June; July,0,1,1,0,NULL
1315,1998,1998,1,130,June; July,0,1,1,0,NULL
1316,1998,1998,1,90,June; July,0,1,1,0,NULL
1317,1998,1998,1,50,June; July,0,1,1,0,NULL
1318,1998,1998,1,50,June; July,0,1,1,0,NULL
1319,1998,1998,1,50,June; July,0,1,1,0,NULL
1320,1997,2005,19,5356,January; March; April;  May; July; August; September; November; December,0,1,0,0,NULL
1321,1983,1989,24,NULL,3 month intervals,0,0,0,1,total trap effort across habitat types was 51480
1322,1983,1989,24,NULL,3 month intervals,0,0,0,1,total trap effort across habitat types was 51480
1323,1983,1989,24,NULL,3 month intervals,0,0,0,1,total trap effort across habitat types was 51480
1324,1983,1989,24,NULL,3 month intervals,0,0,0,1,total trap effort across habitat types was 51480
1325,1983,1989,24,NULL,3 month intervals,0,0,0,1,total trap effort across habitat types was 51480
1326,1983,1989,24,NULL,3 month intervals,0,0,0,1,total trap effort across habitat types was 51480
1327,1983,1989,24,NULL,3 month intervals,0,0,0,1,total trap effort across habitat types was 51480
1328,1983,1989,24,NULL,3 month intervals,0,0,0,1,total trap effort across habitat types was 51480
1329,1991,1991,2,400,September; October,0,0,0,1,NULL
1330,1991,1991,2,400,September; October,0,0,0,1,NULL
1331,1991,1991,2,400,September; October,0,0,0,1,NULL
1332,1991,1991,2,400,September; October,0,0,0,1,NULL
1333,1991,1991,2,400,September; October,0,0,0,1,NULL
1334,1991,1991,2,400,September; October,0,0,0,1,NULL
1335,1998,1999,3,NULL,August; September; February,0,1,0,0,NULL
1336,1998,1999,3,NULL,August; September; February,0,1,0,0,NULL
1337,1991,1993,12,NULL,May; June; July; August,0,0,0,1,14182 total trap nights for study; not all sites were trapped each year
1338,1991,1993,12,NULL,May; June; July; August,0,0,0,1,14182 total trap nights for study; not all sites were trapped each year
1339,1991,1993,12,NULL,September; October,0,0,0,1,14182 total trap nights for study; not all sites were trapped each year
1340,1991,1993,12,NULL,May; June; July; August,0,0,0,1,14182 total trap nights for study; not all sites were trapped each year
1341,1995,1997,9,3120,September; May; June; July,1,1,0,1,funnel traps used
1342,1995,1997,9,3120,September; May; June; July,1,1,0,1,funnel traps used
1343,1995,1997,9,3120,September; May; June; July,1,1,0,1,funnel traps used
1344,2001,2001,7,6745,March; April; May; June; July; August; September,0,1,1,0,NULL
1345,1990,1991,7,3420,September; November; January; March; May; June; July,0,1,0,0,NULL
1346,1990,1991,7,3422,September; November; January; March; May; June; July,0,1,0,0,NULL
1347,2002,2003,6,11010,August; September; October; November; December; January; February; March; April,0,1,0,0,NULL
1348,1994,1994,3,450,June; July; August,0,1,0,1,Longworth live traps
1349,1994,1994,3,450,June; July; August,0,1,0,1,Longworth live traps
1350,1994,1994,3,450,June; July; August,0,1,0,1,Longworth live traps
1351,1994,1994,3,450,June; July; August,0,1,0,1,Longworth live traps
1352,1994,1994,3,450,June; July; August,0,1,0,1,Longworth live traps
1353,1994,1994,3,450,June; July; August,0,1,0,1,Longworth live traps
1354,2000,200,2,1680,November; December,0,1,0,0,Sherman trap and wire-mesh BTS 33x11x9
1355,2000,200,2,1133,November; December,0,1,0,0,Sherman trap and wire-mesh BTS 33x11x10
1356,2000,200,2,1888,November; December,0,1,0,0,Sherman trap and wire-mesh BTS 33x11x11
1357,1987,1988,12,36060,all,0,1,1,0,NULL
1358,1979,1994,32,NULL,June; July,1,1,0,0,11096 trap nights for all 3 sites
1359,1979,1994,32,NULL,June; July,1,1,0,0,11096 trap nights for all 3 sites
1360,1979,1994,32,NULL,June; July,1,1,0,0,11096 trap nights for all 3 sites
1361,1983,1997,30,NULL,all,NULL,NULL,NULL,NULL,NULL
1362,2004,2006,8,3200,spring; summer; fall; winter,0,1,0,0,NULL
1363,2004,2006,8,3200,spring; summer; fall; winter,0,1,0,0,NULL
1364,2004,2006,8,3200,spring; summer; fall; winter,0,1,0,0,NULL
1365,2004,2006,8,3200,spring; summer; fall; winter,0,1,0,0,NULL
1366,1999,2003,46,27598,all,0,0,0,1,NULL
1367,2002,2002,3,720,February; March; April,0,1,1,0,trap model numbers LFATDG and XLF15
1368,2002,2002,3,738,February; March; April,0,1,1,0,trap model numbers LFATDG and XLF16
1369,2002,2002,3,486,February; March; April,0,1,1,0,trap model numbers LFATDG and XLF17
1370,2002,2002,3,721,February; March; April,0,1,1,0,trap model numbers LFATDG and XLF18
1371,2002,2002,3,751,February; March; April,0,1,1,0,trap model numbers LFATDG and XLF19
1372,2004,2006,6,4500,dry and rainy seasons,0,1,0,0,NULL
1373,2004,2006,6,4500,dry and rainy seasons,0,1,0,0,NULL
1374,2004,2006,6,4500,dry and rainy seasons,0,1,0,0,NULL
1375,2004,2006,6,4500,dry and rainy seasons,0,1,0,0,NULL
1376,2004,2006,6,4500,dry and rainy seasons,0,1,0,0,NULL
1377,NULL,NULL,3,2100,NULL,0,1,1,0,Various sized wire mesh traps
1378,NULL,NULL,3,2100,NULL,0,1,1,0,Various sized wire mesh traps
1379,NULL,NULL,3,2100,NULL,0,1,1,0,Various sized wire mesh traps
1380,NULL,NULL,3,2100,NULL,0,1,1,0,Various sized wire mesh traps
1381,1993,1994,3,400,September; October; June,0,1,0,0,NULL
1382,1993,1994,3,400,September; October; June,0,1,0,0,NULL
1383,1993,1994,3,400,September; October; June,0,1,0,0,NULL
1384,1993,1994,3,400,September; October; June,0,1,0,0,NULL
1385,1985,1987,24,27000,all,0,1,1,0,NULL
1386,1989,1995,36,92160,bimonthly,0,1,1,0,NULL
1387,1982,1982,4,1870,January; February; March; April,0,1,0,1,NULL
1388,1982,1982,4,1390,January; February; March; April,0,1,0,1,NULL
1389,1982,1982,4,75,January; February; March; April,0,1,0,1,NULL
1390,1982,1982,4,197,January; February; March; April,0,1,0,1,NULL
1391,1988,1988,8,NULL,February; March; April; May; August; September; October; November,0,1,0,0,NULL
1392,1988,1988,8,NULL,February; March; April; May; August; September; October; November,0,1,0,0,NULL
1393,1988,1988,8,NULL,February; March; April; May; August; September; October; November,0,1,0,0,NULL
1394,1983,1984,14,49810,all,0,1,1,0,NULL
1395,1983,1983,8,5528,May; June; July; August; September; October; November; December,0,1,1,0,NULL
1395,1984,1984,10,5930,January; February; March; April; May; June; July; August; September; October,0,1,1,0,NULL
1396,1985,1986,4,5400,September; October,1,0,1,0,NULL
1397,1985,1986,4,5400,September; October,1,0,1,0,NULL
1398,1974,1974,3,NULL,June; July; August,0,1,0,1,NULL
1398,1975,1975,3,NULL,June; July; August,0,1,0,1,NULL
1398,1976,1976,3,NULL,June; July; August,0,1,0,1,NULL
1399,1993,1993,2,200,September,1,0,0,0,NULL
1399,1994,1994,1,200,August; September ,1,0,0,0,NULL
1400,1993,1993,2,200,September,1,0,0,0,NULL
1400,1994,1994,1,200,August; September ,1,0,0,0,NULL
1401,1993,1993,2,200,September,1,0,0,0,NULL
1401,1994,1994,1,200,August; September ,1,0,0,0,NULL
1402,1993,1993,2,200,September,1,0,0,0,NULL
1402,1994,1994,1,200,August; September ,1,0,0,0,NULL
1403,1993,1993,2,200,September,1,0,0,0,NULL
1403,1994,1994,1,200,August; September ,1,0,0,0,NULL
1404,1993,1993,2,200,September,1,0,0,0,NULL
1404,1994,1994,1,200,August; September ,1,0,0,0,NULL
1405,1993,1993,2,200,September,1,0,0,0,NULL
1405,1994,1994,1,200,August; September ,1,0,0,0,NULL
1406,2003,2003,4,1440,March; May; August; October,0,1,0,0,NULL
1407,2003,2003,4,1440,March; May; August; October,0,1,0,0,NULL
1408,1991,1992,4,1200,December; January; May; June,0,1,0,0,NULL
1409,1991,1992,4,1200,December; January; May; June,0,1,0,0,NULL
1410,1991,1992,4,1200,December; January; May; June,0,1,0,0,NULL
1411,1991,1992,4,1200,December; January; May; June,0,1,0,0,NULL
1412,1991,1992,4,1200,December; January; May; June,0,1,0,0,NULL
1413,1991,1992,4,1200,December; January; May; June,0,1,0,0,NULL
1414,1991,1992,4,1200,December; January; May; June,0,1,0,0,NULL
1415,1991,1992,2,600,December; January,0,1,0,0,NULL
1416,1991,1992,4,1200,December; January; May; June,0,1,0,0,NULL
1417,2005,2006,13,7000,all,0,0,1,0,Used net traps 35x12x12 cm; following Schipanov & Kalinin 2006
1418,2006,2007,4,4000,March; April; June  ,0,0,1,0,Used net traps 35x12x12 cm; following Schipanov & Kalinin 2006
1419,1999,2000,4,2230,May; July; September,0,1,0,0,NULL
1420,1999,2000,4,1160,May; July; September,0,1,0,0,NULL
1421,1999,2000,4,550,May; July; September,0,1,0,0,NULL
1422,1999,1999,2,960,November; December,0,1,0,0,Longworth live traps 
1423,1999,1999,2,772,November; December,0,1,0,0,Longworth live traps 
1424,1999,1999,2,480,November; December,0,1,0,0,Longworth live traps 
1425,1996,1997,10,4307,May; June; July; August; September,1,1,1,0,NULL
1426,1996,1997,10,4015,May; June; July; August; September,1,1,1,0,NULL
1427,1996,1997,10,1752,May; June; July; August; September,1,1,1,0,NULL
1428,1996,1997,10,5110,May; June; July; August; September,1,1,1,0,NULL
1429,1996,1997,10,2409,May; June; July; August; September,1,1,1,0,NULL
1430,1996,1997,10,4745,May; June; July; August; September,1,1,1,0,NULL
1431,1996,1997,10,3212,May; June; July; August; September,1,1,1,0,NULL
1432,1975,1975,4,1312,September; October; November; December,0,1,0,0,NULL
1433,1975,1975,4,1300,September; October; November; December,0,1,0,0,NULL
1434,1975,1975,4,800,September; October; November; December,0,1,0,0,NULL
1435,1975,1975,4,1200,September; October; November; December,0,1,0,0,NULL
1436,1991,1992,7,5820,August; September; January; February; March ,0,1,1,0,NULL
1437,1992,1992,2,2288,June; July,0,1,1,0,NULL
1438,2001,2001,4,1600,late spring; early summer; mid-summer; late summer,0,1,0,0,NULL
1439,2001,2001,4,1600,late spring; early summer; mid-summer; late summer,0,1,0,0,NULL
1440,2001,2001,4,1600,late spring; early summer; mid-summer; late summer,0,1,0,0,NULL
1441,2001,2001,4,1600,late spring; early summer; mid-summer; late summer,0,1,0,0,NULL
1442,2001,2001,4,1600,late spring; early summer; mid-summer; late summer,0,1,0,0,NULL
1443,2001,2001,4,1600,late spring; early summer; mid-summer; late summer,0,1,0,0,NULL
1444,2001,2001,4,1600,late spring; early summer; mid-summer; late summer,0,1,0,0,NULL
1445,2001,2001,4,1600,late spring; early summer; mid-summer; late summer,0,1,0,0,NULL
1446,2001,2001,4,1600,late spring; early summer; mid-summer; late summer,0,1,0,0,NULL
1447,2001,2001,4,1600,late spring; early summer; mid-summer; late summer,0,1,0,0,NULL
1448,1990,1995,6,18000,February ,0,0,0,1,NULL
1449,1990,1995,6,17500,February ,0,0,0,1,NULL
1450,1990,1995,6,18000,February ,0,0,0,1,NULL
1451,1990,1995,6,27500,February ,0,0,0,1,NULL
1452,1990,1995,6,24000,February ,0,0,0,1,NULL
1453,1990,1995,6,9000,February ,0,0,0,1,NULL
1454,1978,1978,2,9296,June; July,0,1,0,0,NULL
1455,1978,1978,2,9296,June; July,0,1,0,0,NULL
1456,1978,1978,2,9296,June; July,0,1,0,0,NULL
1457,1978,1978,2,9296,June; July,0,1,0,0,NULL
1458,1978,1978,2,9296,June; July,0,1,0,0,NULL
1459,1988,1989,6,NULL,September; October; December; January; March; April,0,1,1,0,cage traps (14x14x31 cm)
1460,1988,1989,6,NULL,September; October; December; January; March; April,0,1,1,0,cage traps (14x14x31 cm)
1461,2002,2005,8,1320,April; July; October,0,0,0,1,sampling extent was 9-13 beaver lodges
1462,2002,2005,8,325,April; July; October,0,0,0,1,"sampling extent was 25 traps along ""standard lines"""
1463,2002,2005,8,325,April; July; October,0,0,0,1,"sampling extent was 25 traps along ""standard lines"""
1464,2002,2005,8,325,April; July; October,0,0,0,1,"sampling extent was 25 traps along ""standard lines"""
1465,1987,1989,3,6000,July; August ,0,0,0,1,NULL
1466,1987,1989,3,2400,July; August ,0,0,0,1,NULL
1467,1987,1989,3,6800,July; August ,0,0,0,1,NULL
1468,1998,1998,3,NULL,July; August; September ,0,1,0,0,NULL
1469,1998,1998,3,NULL,July; August; September ,0,1,0,0,NULL
1470,1998,1998,3,NULL,July; August; September ,0,1,0,0,NULL
1471,1998,1998,3,NULL,July; August; September ,0,1,0,0,NULL
1472,1998,1998,3,NULL,July; August; September ,0,1,0,0,NULL
1473,1998,1998,3,NULL,July; August; September ,0,1,0,0,NULL
1474,1983,1983,2,900,May; August; September,0,0,0,1,NULL
1475,1983,1983,2,900,May; August; September,0,0,0,1,NULL
1476,1983,1983,2,900,May; August; September,0,0,0,1,NULL
1477,1983,1983,2,900,May; August; September,0,0,0,1,NULL
1478,1983,1983,2,900,May; August; September,0,0,0,1,NULL
1479,1983,1983,2,900,May; August; September,0,0,0,1,NULL
1480,1983,1983,2,900,May; August; September,0,0,0,1,NULL
1481,1983,1983,2,900,May; August; September,0,0,0,1,NULL
1482,1983,1983,2,900,May; August; September,0,0,0,1,NULL
1483,1983,1983,2,900,May; August; September,0,0,0,1,NULL
1484,1983,1983,2,900,May; August; September,0,0,0,1,NULL
1485,1983,1983,2,900,May; August; September,0,0,0,1,NULL
1486,1997,1999,19,1280,March; April; May; June; July; August; September; October; November,1,1,0,0,trap nights may be > 1280
1487,1997,1999,19,1280,March; April; May; June; July; August; September; October; November,1,1,0,0,trap nights may be > 1280
1488,1997,1999,19,1280,March; April; May; June; July; August; September; October; November,1,1,0,0,trap nights may be > 1280
1489,1997,1999,19,1280,March; April; May; June; July; August; September; October; November,1,1,0,0,trap nights may be > 1280
1490,2001,2001,3,960,June; July; August,0,0,0,1,NULL
1491,2001,2001,3,960,June; July; August,0,0,0,1,NULL
1492,2001,2001,3,960,June; July; August,0,0,0,1,NULL
1493,2001,2001,3,960,June; July; August,0,0,0,1,NULL
1494,2001,2001,3,960,June; July; August,0,0,0,1,NULL
1495,2001,2001,3,960,June; July; August,0,0,0,1,NULL
1496,2001,2001,3,960,June; July; August,0,0,0,1,NULL
1497,2001,2001,3,960,June; July; August,0,0,0,1,NULL
1498,2001,2001,3,960,June; July; August,0,0,0,1,NULL
1499,2001,2001,3,960,June; July; August,0,0,0,1,NULL
1500,2001,2001,3,960,June; July; August,0,0,0,1,NULL
1501,2001,2001,3,960,June; July; August,0,0,0,1,NULL
1502,2001,2001,3,960,June; July; August,0,0,0,1,NULL
1503,2001,2001,3,960,June; July; August,0,0,0,1,NULL
1504,2001,2001,3,960,June; July; August,0,0,0,1,NULL
1505,2001,2001,3,960,June; July; August,0,0,0,1,NULL
1506,2001,2001,3,960,June; July; August,0,0,0,1,NULL
1507,2001,2001,3,960,June; July; August,0,0,0,1,NULL
1508,2001,2001,3,960,June; July; August,0,0,0,1,NULL
1509,2001,2001,3,960,June; July; August,0,0,0,1,NULL
1510,2001,2001,3,960,June; July; August,0,0,0,1,NULL
1511,1970,1970,1,280,August,0,0,0,1,NULL
1512,1970,1970,1,140,August,0,0,0,1,NULL
1513,1970,1970,1,280,July,0,0,0,1,NULL
1514,1971,1971,1,300,July,0,0,0,1,NULL
1515,1970,1970,1,280,August,0,0,0,1,NULL
1516,1970,1970,1,280,September,0,0,0,1,NULL
1517,1968,1970,4,1900,February; May; July; September,0,0,0,1,NULL
1518,1970,1970,1,300,September,0,0,0,1,NULL
1519,1971,1971,1,300,March,0,0,0,1,NULL
1520,1969,1970,2,420,May,0,0,0,1,NULL
1521,1971,1971,1,300,July,0,0,0,1,NULL
1522,1971,1971,1,300,July,0,0,0,1,NULL
1523,1971,1971,1,300,April,0,0,0,1,NULL
1524,1971,1971,1,280,August,0,0,0,1,NULL
1525,1971,1971,1,140,August,0,0,0,1,NULL
1526,1971,1971,1,280,August,0,0,0,1,NULL
1527,1971,1971,1,280,August,0,0,0,1,NULL
1528,1970,1970,1,280,September,0,0,0,1,NULL
1529,1973,1973,1,200,June,0,0,0,1,NULL
1530,1973,1973,1,200,June,0,0,0,1,NULL
1531,1973,1973,1,200,June,0,0,0,1,NULL
1532,1973,1973,1,200,June,0,0,0,1,NULL
1533,1973,1973,1,200,June,0,0,0,1,NULL
1534,1973,1973,1,200,June,0,0,0,1,NULL
1535,1973,1973,1,200,June,0,0,0,1,NULL
1536,1973,1973,1,200,June,0,0,0,1,NULL
1537,1973,1973,1,200,June,0,0,0,1,NULL
1538,1973,1973,1,200,July,0,0,0,1,NULL
1539,1972,1973,3,1500,May; July,0,0,0,1,NULL
1540,1973,1973,1,200,July,0,0,0,1,NULL
1541,NULL,NULL,NULL,300,NULL,0,0,0,0,NULL
1542,NULL,NULL,NULL,175,NULL,NULL,NULL,NULL,NULL,NULL
1543,NULL,NULL,NULL,175,NULL,NULL,NULL,NULL,NULL,NULL
1544,NULL,NULL,NULL,175,NULL,NULL,NULL,NULL,NULL,NULL
1545,NULL,NULL,NULL,175,NULL,NULL,NULL,NULL,NULL,NULL
1546,1970,1970,1,175,July,NULL,NULL,NULL,NULL,NULL
1547,1970,1970,1,175,July,NULL,NULL,NULL,NULL,NULL
1548,NULL,NULL,NULL,175,NULL,NULL,NULL,NULL,NULL,NULL
1549,1968,1968,2,570,July; August,0,1,0,0,NULL
1550,1968,1968,1,567,July,0,1,0,0,NULL
1551,NULL,NULL,1,200,NULL,0,1,0,0,NULL
1552,NULL,NULL,1,100,NULL,0,1,0,0,NULL
1553,1973,1977,14,280,January; February; March; April; May; June; August; October; November; December,0,1,0,0,NULL
1554,1972,1972,4,3456,May; June; July; August,0,1,0,0,NULL
1555,NULL,NULL,1,288,NULL,0,1,0,0,NULL
1556,1966,1966,1,225,July,0,1,0,0,NULL
1557,1966,1966,1,225,July,0,1,0,0,NULL
1558,1966,1966,1,225,July,0,1,0,0,NULL
1559,1966,1966,1,225,July,0,1,0,0,NULL
1560,1966,1966,1,225,July,0,1,0,0,NULL
1561,1966,1966,1,225,July,0,1,0,0,NULL
1562,1966,1966,1,225,July,0,1,0,0,NULL
1563,1966,1966,1,225,July,0,1,0,0,NULL
1564,1966,1966,1,225,July,0,1,0,0,NULL
1565,1966,1966,1,225,July,0,1,0,0,NULL
1566,1966,1966,1,225,July,0,1,0,0,NULL
1567,1967,1967,1,200,July,0,1,0,0,NULL
1568,1967,1967,1,200,July,0,1,0,0,NULL
1569,1967,1967,1,200,July,0,1,0,0,NULL
1570,1967,1967,1,200,July,0,1,0,0,NULL
1571,1967,1967,1,200,July,0,1,0,0,NULL
1572,1967,1967,1,200,July,0,1,0,0,NULL
1573,1967,1967,1,200,July,0,1,0,0,NULL
1574,1967,1967,1,200,July,0,1,0,0,NULL
1575,1967,1967,1,200,July,0,1,0,0,NULL
1576,1967,1967,1,200,July,0,1,0,0,NULL
1577,1967,1967,1,200,July,0,1,0,0,NULL
1578,1967,1967,1,200,July,0,1,0,0,NULL
1579,1967,1967,1,200,July,0,1,0,0,NULL
1580,1967,1967,1,200,July,0,1,0,0,NULL
1581,1958,1959,10,3600,August; September; October; Nov; Jan; February; March; April; June; July,0,1,1,0,NULL
1582,1976,1976,1,1008,June,0,1,0,0,NULL
1583,1976,1976,1,1008,June,0,1,0,0,NULL
1584,1976,1976,1,1008,July,0,1,0,0,NULL
1585,1976,1976,1,1008,July,0,1,0,0,NULL
1586,1976,1976,1,1008,August,0,1,0,0,NULL
1587,1977,1977,3,2448,April; June; August,0,1,0,0,NULL
1588,1977,1977,3,2448,April; June; August,0,1,0,0,NULL
1589,1977,1977,1,1008,June,0,1,0,0,NULL
1590,1977,1977,1,1008,June,0,1,0,0,NULL
1591,1977,1977,1,1008,July,0,1,0,0,NULL
1592,1977,1977,1,1008,July,0,1,0,0,NULL
1593,1977,1977,1,1008,July,0,1,0,0,NULL
1594,1980,1980,1,100,September,0,1,0,1,NULL
1595,1980,1980,1,80,April,0,1,0,0,NULL
1596,1980,1980,1,120,November,0,1,0,1,NULL
1597,1980,1980,1,100,November,0,1,0,1,NULL
1598,1980,1980,1,100,November,0,1,0,1,NULL
1599,1980,1980,1,100,November,0,1,0,1,NULL
1600,1980,1980,1,119,October,0,1,0,1,NULL
1601,1980,1980,1,100,October,0,1,0,1,NULL
1602,1980,1980,1,100,November,0,1,0,1,NULL
1603,1980,1980,1,100,November,0,1,0,1,NULL
1604,1980,1980,1,100,November,0,1,0,1,NULL
1605,1980,1980,1,120,December,0,1,0,1,NULL
1606,1980,1980,1,100,October,0,1,0,1,NULL
1607,1980,1980,1,100,October,0,1,0,1,NULL
1608,1980,1980,1,140,June,0,1,0,0,NULL
1609,1979,1980,2,200,March; September,0,1,0,1,NULL
1610,1980,1980,1,100,September,0,1,0,0,NULL
1611,1979,1980,2,350,October,0,1,0,1,NULL
1612,1980,1980,1,111,November,0,1,0,1,NULL
1613,1980,1980,1,159,July,0,1,0,0,NULL
1614,1979,1979,1,200,September,0,1,0,0,NULL
1615,1979,1979,3,398,June; July; September,0,1,0,1,NULL
1616,1979,1979,3,460,June; July; August,0,1,0,1,NULL
1617,1970,1970,3,1000,June; July; August,0,1,0,0,NULL
1618,1970,1970,3,1000,June; July; August,0,1,0,0,NULL
1619,1970,1970,3,1000,June; July; August,0,1,0,0,NULL
1620,1973,1975,4,8232,April; June; July; August; September; October; November,0,1,0,0,NULL
1621,1973,1975,4,7742,April; June; July; August; September; October; November,0,1,0,0,NULL
1622,1973,1975,4,4802,April; June; July; August; September; October; November,0,1,0,0,NULL
1623,1973,1975,4,5684,April; June; July; August; September; October; November,0,1,0,0,NULL
1624,1948,1948,NULL,NULL,spring; summer; fall,NULL,NULL,NULL,NULL,NULL
1625,1948,1948,NULL,NULL,spring; summer; fall,NULL,NULL,NULL,NULL,NULL
1626,1948,1948,NULL,NULL,spring; summer; fall,NULL,NULL,NULL,NULL,NULL
1627,1948,1948,NULL,NULL,spring; summer; fall,NULL,NULL,NULL,NULL,NULL
1628,1948,1948,NULL,NULL,spring; summer; fall,NULL,NULL,NULL,NULL,NULL
1629,1948,1948,NULL,NULL,spring; summer; fall,NULL,NULL,NULL,NULL,NULL
1630,1948,1948,NULL,NULL,spring; summer; fall,NULL,NULL,NULL,NULL,NULL
1631,1948,1948,NULL,NULL,spring; summer; fall,NULL,NULL,NULL,NULL,NULL
1632,1948,1948,NULL,NULL,spring; summer; fall,NULL,NULL,NULL,NULL,NULL
1633,1948,1948,NULL,NULL,spring; summer; fall,NULL,NULL,NULL,NULL,NULL
1634,1948,1948,NULL,NULL,spring; summer; fall,NULL,NULL,NULL,NULL,NULL
1635,1948,1948,NULL,NULL,spring; summer; fall,NULL,NULL,NULL,NULL,NULL
1636,1948,1948,NULL,NULL,spring; summer; fall,NULL,NULL,NULL,NULL,NULL
1637,1948,1948,NULL,NULL,spring; summer; fall,NULL,NULL,NULL,NULL,NULL
1638,1948,1948,NULL,NULL,spring; summer; fall,NULL,NULL,NULL,NULL,NULL
1639,1948,1948,NULL,NULL,spring; summer; fall,NULL,NULL,NULL,NULL,NULL
1640,1948,1948,NULL,NULL,spring; summer; fall,NULL,NULL,NULL,NULL,NULL
1641,1948,1948,NULL,NULL,spring; summer; fall,NULL,NULL,NULL,NULL,NULL
1642,1948,1948,NULL,NULL,spring; summer; fall,NULL,NULL,NULL,NULL,NULL
1643,1948,1948,NULL,NULL,spring; summer; fall,NULL,NULL,NULL,NULL,NULL
1644,1948,1948,NULL,NULL,spring; summer; fall,NULL,NULL,NULL,NULL,NULL
1645,1948,1948,NULL,NULL,spring; summer; fall,NULL,NULL,NULL,NULL,NULL
1646,1948,1948,NULL,NULL,spring; summer; fall,NULL,NULL,NULL,NULL,NULL
1647,NULL,NULL,NULL,196,NULL,NULL,NULL,NULL,NULL,NULL
1648,NULL,NULL,NULL,256,NULL,NULL,NULL,NULL,NULL,NULL
1649,NULL,NULL,NULL,512,NULL,NULL,NULL,NULL,NULL,NULL
1650,1974,1975,NULL,455,NULL,0,1,0,0,NULL
1651,1974,1975,NULL,319,NULL,0,1,0,0,NULL
1652,1974,1975,NULL,365,NULL,0,1,0,0,NULL
1653,1974,1975,NULL,1927,NULL,0,1,0,0,NULL
1654,1974,1975,NULL,560,NULL,0,1,0,0,NULL
1655,1974,1975,NULL,1686,NULL,0,1,0,0,NULL
1656,1956,1958,9,2280,NULL,0,1,0,0,NULL
1657,1954,1955,5,675,summer,0,0,0,1,NULL
1658,1954,1955,5,675,summer,0,0,0,1,NULL
1659,1954,1955,5,675,summer,0,0,0,1,NULL
1660,1954,1955,5,675,summer,0,0,0,1,NULL
1661,1954,1955,5,675,summer,0,0,0,1,NULL
1662,1954,1955,5,675,summer,0,0,0,1,NULL
1663,1954,1955,5,675,summer,0,0,0,1,NULL
1664,1955,1955,2,180,summer,0,0,0,1,NULL
1665,1954,1955,5,540,summer,0,0,0,1,NULL
1666,1954,1955,5,540,summer,0,0,0,1,NULL
1667,1954,1955,5,540,summer,0,0,0,1,NULL
1668,1954,1955,5,540,summer,0,0,0,1,NULL
1669,1954,1955,5,675,summer,0,0,0,1,NULL
1670,1954,1955,5,675,summer,0,0,0,1,NULL
1671,1954,1955,5,675,summer,0,0,0,1,NULL
1672,1954,1955,5,675,summer,0,0,0,1,NULL
1673,1954,1955,5,675,summer,0,0,0,1,NULL
1674,1954,1955,5,630,summer,0,0,0,1,NULL
1675,1954,1955,5,630,summer,0,0,0,1,NULL
1676,1955,1955,3,450,summer,0,0,0,1,NULL
1677,1954,1955,5,630,summer,0,0,0,1,NULL
1678,1955,1955,3,360,summer,0,0,0,1,NULL
1679,1954,1955,5,585,summer,0,0,0,1,NULL
1680,1955,1955,3,450,summer,0,0,0,1,NULL
1681,1970,1970,12,600,all,0,1,0,0,NULL
1682,1970,1970,12,600,all,0,1,0,0,NULL
1683,1970,1970,12,600,all,0,1,0,0,NULL
1684,1970,1970,12,600,all,0,1,0,0,NULL
1685,1941,1941,1,210,June,0,1,0,1,NULL
1686,1941,1941,1,210,July,0,1,0,1,NULL
1687,1941,1941,1,210,August,0,1,0,1,NULL
1688,1941,1941,1,210,September,0,1,0,1,NULL
1689,1941,1941,1,210,October,0,1,0,1,NULL
1690,1941,1941,1,210,November,0,1,0,1,NULL
1691,1941,1941,1,210,December,0,1,0,1,NULL
1692,1941,1941,1,210,January,0,1,0,1,NULL
1693,1941,1941,1,210,February,0,1,0,1,NULL
1694,1941,1941,1,210,March,0,1,0,1,NULL
1695,1941,1941,1,210,April,0,1,0,1,NULL
1696,1941,1941,1,210,May,0,1,0,1,NULL
1697,1941,1941,1,210,June,0,1,0,1,NULL
1698,1941,1941,1,210,July,0,1,0,1,NULL
1699,1941,1941,1,210,August,0,1,0,1,NULL
1700,1976,1976,2,100,February; April,0,1,0,0,NULL
1701,1976,1976,2,130,February; April,0,1,0,0,NULL
1702,1976,1976,2,100,February; April,0,1,0,0,NULL
1703,1976,1976,2,133,February; April,0,1,0,0,NULL
1704,1976,1976,2,100,February; May,0,1,0,0,NULL
1705,1976,1976,2,100,February; May,0,1,0,0,NULL
1706,1976,1976,2,188,February; May,0,1,0,0,NULL
1707,1976,1976,2,102,February; May,0,1,0,0,NULL
1708,1976,1976,2,233,February; June,0,1,0,0,NULL
1709,1976,1976,2,152,February; June,0,1,0,0,NULL
1710,1976,1976,2,212,February; June,0,1,0,0,NULL
1711,1976,1976,2,173,February; June,0,1,0,0,NULL
1712,1976,1976,2,181,February; June,0,1,0,0,NULL
1713,1975,1976,2,189,November; June,0,1,0,0,NULL
1714,1975,1976,2,132,November; June,0,1,0,0,NULL
1715,1975,1976,2,131,November; June,0,1,0,0,NULL
1716,1975,1976,4,354,May; September; January; April,0,1,0,0,NULL
1717,1975,1976,4,260,June; July; February; April,0,1,0,0,NULL
1718,NULL,NULL,NULL,243,NULL,NULL,NULL,NULL,NULL,NULL
1719,NULL,NULL,NULL,200,NULL,NULL,NULL,NULL,NULL,NULL
1720,NULL,NULL,NULL,150,NULL,NULL,NULL,NULL,NULL,NULL
1721,NULL,NULL,NULL,243,NULL,NULL,NULL,NULL,NULL,NULL
1722,NULL,NULL,NULL,425,NULL,NULL,NULL,NULL,NULL,NULL
1723,NULL,NULL,NULL,560,NULL,NULL,NULL,NULL,NULL,NULL
1724,1976,1977,13,1920,all,0,0,1,0,NULL
1725,1976,1977,16,15344,all,0,1,1,0,NULL
1726,1977,1978,16,11200,all,0,1,1,0,NULL
1727,1978,1978,5,3725,January; February; March; April; May,0,1,1,0,NULL
1728,1978,1978,5,4400,January; February; March; April; May; June,0,1,1,0,NULL
1729,1978,1978,6,3660,January; February; March; April; May,0,1,1,0,NULL
1730,1998,1999,16,18000,all,0,1,0,0,NULL
1731,1999,2000,12,NULL,January; February; March; April; July; August; September; October,0,1,1,0,NULL
1732,1999,2000,12,NULL,January; February; March; April; July; August; September; October,0,1,1,0,NULL
1733,1999,2000,12,NULL,January; February; March; April; July; August; September; October,0,1,1,0,NULL
1734,1999,2000,12,NULL,January; February; March; April; July; August; September; October,0,1,1,0,NULL
1735,1979,1980,18,1960,all,0,1,1,0,3 kinds of large traps: Havahart; locally made welded wire with gravity door and suspended bait hook; and large 1 m3 wooden traps
1736,1979,1980,18,3088,all,0,1,1,0,3 kinds of large traps: Havahart; locally made welded wire with gravity door and suspended bait hook; and large 1 m3 wooden traps
1737,1979,1980,18,280,all,0,1,1,0,3 kinds of large traps: Havahart; locally made welded wire with gravity door and suspended bait hook; and large 1 m3 wooden traps
1738,1979,1980,18,667,all,0,1,1,0,3 kinds of large traps: Havahart; locally made welded wire with gravity door and suspended bait hook; and large 1 m3 wooden traps
1739,1979,1980,18,1269,all,0,1,1,0,3 kinds of large traps: Havahart; locally made welded wire with gravity door and suspended bait hook; and large 1 m3 wooden traps
1740,1996,2000,24,105840,bimonthly,0,1,0,0,NULL
1741,2006,2006,4,7644,March; June; September; December,0,1,0,0,NULL
1742,2001,2001,4,2980,May; June; July; August,0,1,0,0,NULL
1742,2002,2002,4,3720,May; June; July; August,0,1,0,0,NULL
1742,2003,2003,4,4560,May; June; July; August,0,1,0,0,NULL
1743,2001,2001,4,1740,May; June; July; August,0,1,0,0,NULL
1743,2002,2002,4,1880,May; June; July; August,0,1,0,0,NULL
1744,2001,2003,16,1030,May; June; July; August,0,1,0,0,Sherman traps set in canopy and on forest floor
1745,2001,2002,16,702,May; June; July; August,0,1,0,0,Sherman traps set in canopy and on forest floor
1746,1999,2001,32,6450,March; April; May; June; July; August; September; October,1,1,0,0,NULL
1747,2000,2001,20,4290,March; April; May; June; July; August; September; October,1,1,0,0,NULL
1748,1999,2001,32,6450,March; April; May; June; July; August; September; October,1,1,0,0,NULL
1749,1999,2001,32,6450,March; April; May; June; July; August; September; October,1,1,0,0,NULL
1750,1995,1997,25,7560,all,1,0,0,1,biweekly trapping
1751,1995,1997,25,7390,all,1,0,0,1,biweekly trapping
1752,1995,1997,25,7470,all,1,0,0,1,biweekly trapping
1753,1995,1997,25,7740,all,1,0,0,1,biweekly trapping
1754,1996,1996,4,10960,Feb; March; April; May; June,1,1,0,0,hardware cloth funnel traps used
1754,1997,1997,4,15282,Feb; March; April; May; June,1,1,0,0,hardware cloth funnel traps used
1755,1996,1996,4,10960,Feb; March; April; May; June,1,1,0,0,hardware cloth funnel traps used
1755,1997,1997,4,15282,Feb; March; April; May; June,1,1,0,0,hardware cloth funnel traps used
1756,1996,1996,4,10960,Feb; March; April; May; June,1,1,0,0,hardware cloth funnel traps used
1756,1997,1997,4,15282,Feb; March; April; May; June,1,1,0,0,hardware cloth funnel traps used
1757,1996,1996,4,10960,Feb; March; April; May; June,1,1,0,0,hardware cloth funnel traps used
1757,1997,1997,4,15282,Feb; March; April; May; June,1,1,0,0,hardware cloth funnel traps used
1758,2002,2002,2,704,May; July,1,1,0,1,NULL
1758,2003,2003,2,704,June; July,1,1,0,1,NULL
1759,2002,2002,2,704,May; July,1,1,0,1,NULL
1759,2003,2003,2,704,June; July,1,1,0,1,NULL
1760,2002,2002,2,704,June; July,1,1,0,1,NULL
1760,2003,2003,2,704,June; July,1,1,0,1,NULL
1761,2002,2002,3,704,June; July; August,1,1,0,1,NULL
1761,2003,2003,3,704,June; July; August,1,1,0,1,NULL
1762,2002,2002,3,704,June; July; August,1,1,0,1,NULL
1762,2003,2003,2,704,July; August,1,1,0,1,NULL
1763,2004,2004,2,1200,July; August,0,1,0,0,NULL
1764,2004,2004,2,1300,July; August,0,1,0,0,NULL
1765,2004,2004,2,1300,July; August,0,1,0,0,NULL
1766,2004,2004,2,1400,July; August,0,1,0,0,NULL
1767,2005,2005,2,1700,July; August,0,1,0,0,NULL
1768,2005,2005,2,2000,July; August,0,1,0,0,NULL
1769,1991,1991,1,15,June,0,1,1,0,NULL
1770,1991,1991,1,25,June,0,1,1,0,NULL
1771,1991,1991,3,70,June; July; August,0,1,1,0,NULL
1772,1991,1991,1,30,June,0,1,1,0,NULL
1773,1991,1991,1,30,June,0,1,1,0,NULL
1774,1992,1992,1,60,May,0,1,1,0,NULL
1775,1992,1992,1,40,June,0,1,1,0,NULL
1776,1992,1992,1,50,June,0,1,1,0,NULL
1777,1983,1984,17,73885,all,0,1,1,0,NULL
1778,1999,1999,1,980,June,0,1,1,0,NULL
1778,2000,2000,1,980,June,0,1,1,0,NULL
1779,2001,2002,14,5040,all,0,1,0,0,NULL
1780,2001,2002,14,5040,all,0,1,0,0,NULL
1781,1993,1993,1,348,fall,1,1,0,0,NULL
1781,1994,1994,5,1335,summer & fall,1,1,0,0,NULL
1781,1995,1995,5,1335,summer & fall,1,1,0,0,NULL
1782,1993,1993,1,348,fall,1,1,0,0,NULL
1782,1994,1994,5,1380,summer & fall,1,1,0,0,NULL
1782,1995,1995,5,1335,summer & fall,1,1,0,0,NULL
1783,1993,1993,1,348,fall,1,1,0,0,NULL
1783,1994,1994,5,1335,summer & fall,1,1,0,0,NULL
1783,1995,1995,5,1335,summer & fall,1,1,0,0,NULL
1784,1994,1994,4,540,summer & fall,0,1,0,0,NULL
1784,1995,1995,3,450,summer & fall,0,1,0,0,NULL
1785,1994,1994,3,450,summer & fall,0,1,0,0,NULL
1785,1995,1995,4,540,summer & fall,0,1,0,0,NULL
1786,1994,1994,3,450,summer & fall,0,1,0,0,NULL
1786,1995,1995,3,450,summer & fall,0,1,0,0,NULL
1787,2003,2004,NULL,6468,summer  ,0,1,0,1,NULL
1788,1996,1996,4,1625,May; June; July; August,0,1,1,0,NULL
1788,1997,1997,4,1625,May; June; July; August,0,1,1,0,NULL
1788,1998,1998,4,1625,May; June; July; August,0,1,1,0,NULL
1788,1999,1999,4,1625,May; June; July; August,0,1,1,0,NULL
1789,1996,1996,4,1625,May; June; July; August,0,1,1,0,NULL
1789,1997,1997,4,1625,May; June; July; August,0,1,1,0,NULL
1789,1998,1998,4,1625,May; June; July; August,0,1,1,0,NULL
1789,1999,1999,4,1625,May; June; July; August,0,1,1,0,NULL
1790,1998,1999,6,44415,June; July; August,1,0,0,1,NULL
1791,2000,2003,11,38090,May; June; July; August; October; November; February; March,0,1,1,0,NULL
1792,2002,2002,6,1500,July; August; September; October; November; December,0,1,0,0,NULL
1792,2003,2003,6,1500,January; February; March: April; May; June,0,1,0,0,NULL
1793,2002,2002,6,1500,July; August; September; October; November; December,0,1,0,0,NULL
1793,2003,2003,6,1500,January; February; March: April; May; June,0,1,0,0,NULL
1794,2002,2002,6,1500,July; August; September; October; November; December,0,1,0,0,NULL
1794,2003,2003,6,1500,January; February; March: April; May; June,0,1,0,0,NULL
1795,2002,2002,6,1500,July; August; September; October; November; December,0,1,0,0,NULL
1795,2003,2003,6,1500,January; February; March: April; May; June,0,1,0,0,NULL
1796,2002,2002,6,1500,July; August; September; October; November; December,0,1,0,0,NULL
1796,2003,2003,6,1500,January; February; March: April; May; June,0,1,0,0,NULL
1797,2002,2002,6,1500,July; August; September; October; November; December,0,1,0,0,NULL
1797,2003,2003,6,1500,January; February; March: April; May; June,0,1,0,0,NULL
1798,NULL,NULL,2,216,spring/early summer; late summer/ early fall,0,1,0,0,NULL
1799,NULL,NULL,2,216,spring/early summer; late summer/ early fall,0,1,0,0,NULL
1800,NULL,NULL,2,1080,spring/early summer; late summer/ early fall,0,1,0,0,NULL
1801,NULL,NULL,2,432,spring/early summer; late summer/ early fall,0,1,0,0,NULL
1802,NULL,NULL,2,1080,spring/early summer; late summer/ early fall,0,1,0,0,NULL
1803,NULL,NULL,2,1080,spring/early summer; late summer/ early fall,0,1,0,0,NULL
1804,NULL,NULL,2,1080,spring/early summer; late summer/ early fall,0,1,0,0,NULL
1805,NULL,NULL,2,432,spring/early summer; late summer/ early fall,0,1,0,0,NULL
1806,1994,1994,4,1200,May; June; July; August,1,0,0,1,NULL
1807,1994,1994,4,1200,May; June; July; August,1,0,0,1,NULL
1808,1994,1994,4,1200,May; June; July; August,1,0,0,1,NULL
1809,1994,1994,4,1200,May; June; July; August,1,0,0,1,NULL
1810,2002,2002,1,800,July,0,1,1,0,NULL
1811,2002,2002,1,800,July,0,1,1,0,NULL
1812,2002,2002,2,2800,August-September,0,1,1,0,NULL
1813,2002,2002,2,2800,August-September,0,1,1,0,NULL
1814,2000,2004,26,106560,May; June; July; August; February; March,0,1,0,0,NULL
1815,1993,1993,6,NULL,May; June; July; August; September; October,0,1,0,0,NULL
1815,1994,1994,6,NULL,May; June; July; August; September; October,0,1,0,0,NULL
1816,1993,1993,6,NULL,May; June; July; August; September; October,0,1,0,0,NULL
1816,1994,1994,6,NULL,May; June; July; August; September; October,0,1,0,0,NULL
1817,1993,1993,6,NULL,May; June; July; August; September; October,0,1,0,0,NULL
1817,1994,1994,6,NULL,May; June; July; August; September; October,0,1,0,0,NULL
1818,1993,1993,6,NULL,May; June; July; August; September; October,0,1,0,0,NULL
1818,1994,1994,6,NULL,May; June; July; August; September; October,0,1,0,0,NULL
1819,NULL,NULL,NULL,NULL,NULL,NULL,NULL,NULL,NULL,NULL
1820,2000,2000,6,NULL,June; July; August; September; October; November,1,1,1,1,Sherman traps; pitfall cups; pitfall arrays; tomahawk traps; snap traps; mist nets (bats); mole traps (Victor Out-of-sight #0631 and plunger #0645); TN >20392 across all three sites
1820,2001,2001,8,NULL,May; June; July; August; September; October; November; December,1,1,1,1,Sherman traps; pitfall cups; pitfall arrays; tomahawk traps; snap traps; mist nets (bats); mole traps (Victor Out-of-sight #0631 and plunger #0645); TN >56161 across all three sites
1821,2000,2000,6,NULL,June; July; August; September; October; November,1,1,1,1,Sherman traps; pitfall cups; pitfall arrays; tomahawk traps; snap traps; mist nets (bats); mole traps (Victor Out-of-sight #0631 and plunger #0645); TN >20392 across all three sites
1821,2001,2001,8,NULL,May; June; July; August; September; October; November; December,1,1,1,1,Sherman traps; pitfall cups; pitfall arrays; tomahawk traps; snap traps; mist nets (bats); mole traps (Victor Out-of-sight #0631 and plunger #0645); TN >56161 across all three sites
1822,2000,2000,6,NULL,June; July; August; September; October; November,1,1,1,1,Sherman traps; pitfall cups; pitfall arrays; tomahawk traps; snap traps; mist nets (bats); mole traps (Victor Out-of-sight #0631 and plunger #0645); TN >20392 across all three sites
1822,2001,2001,8,NULL,May; June; July; August; September; October; November; December,1,1,1,1,Sherman traps; pitfall cups; pitfall arrays; tomahawk traps; snap traps; mist nets (bats); mole traps (Victor Out-of-sight #0631 and plunger #0645); TN >56161 across all three sites
1823,2004,2004,4,7056,May; June; July; August,0,1,0,1,NULL
1824,2005,2005,3,1350,June; July; August,0,1,0,1,NULL
1825,1992,1993,6,NULL,June; July; August,0,1,0,0,5 nights of trapping every other week throughout the summer
1826,1992,1993,6,NULL,June; July; August,0,1,0,0,5 nights of trapping every other week throughout the summer
1827,1991,1992,4,1920,June; July; August,0,0,0,1,effective TN for sites 1-5 = 8686
1828,1990,1990,2,1680,June; July; August,0,0,0,1,NULL
1829,1990,1991,4,3840,June; July; August,0,0,0,1,NULL
1830,1990,1991,4,3840,June; July; August,0,0,0,1,NULL
1831,1990,1992,6,4320,June; July; August,0,0,0,1,NULL
1832,1983,1983,5,5000,March; April; May; June; October,0,1,1,0,NULL
1833,1983,1983,5,5000,March; April; May; June; October,0,1,1,0,NULL
1834,2006,2006,4,12816,May; June; August; September,1,1,1,0,NULL
1835,2006,2006,4,6832,May; June; August; September,1,1,1,0,NULL
1836,2004,2004,6,NULL,March; April; May; June; October; November,0,1,0,0,Total trap nights across all years and habitats = 29;340
1836,2005,2005,8,NULL,March; April; May; June; July; August; September; November; December,0,1,0,0,NULL
1836,2006,2006,4,NULL,April; May; June; July,0,1,0,0,NULL
1837,2004,2004,6,NULL,March; April; May; June; October; November,0,1,0,0,NULL
1837,2005,2005,8,NULL,March; April; May; June; July; August; September; November; December,0,1,0,0,NULL
1837,2006,2006,4,NULL,April; May; June; July,0,1,0,0,NULL
1838,2004,2005,12,2880,May; June; July; August; September; October,0,1,0,0,NULL
1839,2004,2005,12,2880,May; June; July; August; September; October,0,1,0,0,NULL
1840,2004,2005,12,2880,May; June; July; August; September; October,0,1,0,0,NULL
1841,1995,1995,4,3863,May; June; July; August,0,1,0,0,NULL
1842,1995,1995,2,726,July; September,0,1,0,0,NULL
1843,1995,1995,2,887,June; August,0,1,0,0,NULL
1844,1995,1995,2,637,July; September,0,1,0,0,NULL
1845,1995,1995,2,898,July; September,0,1,0,0,NULL
1846,1996,1996,4,3500,May; June; July; August,0,1,0,0,NULL
1847,1996,1996,4,3000,May; June; July; August,0,1,0,0,NULL
1848,1998,1999,14,625,all,0,1,0,0,NULL
1849,1998,1999,14,625,all,0,1,0,0,NULL
1850,1998,1999,14,625,all,0,1,0,0,NULL
1851,1998,1999,14,625,all,0,1,0,0,NULL
1852,1998,1999,14,625,all,0,1,0,0,NULL
1853,1998,1999,14,625,all,0,1,0,0,NULL
1854,1998,1998,1,784,summer,0,1,0,0,NULL
1854,1999,1999,1,784,summer,0,1,0,0,NULL
1855,1998,1998,1,784,summer,0,1,0,0,NULL
1855,1999,1999,1,784,summer,0,1,0,0,NULL
1856,1998,1998,1,336,summer,0,1,0,0,NULL
1856,1999,1999,1,336,summer,0,1,0,0,NULL
1857,2002,2003,1,780,April; May; June,0,1,0,0,NULL
1858,2002,2003,1,780,April; May; June,0,1,0,0,NULL
1859,2002,2003,1,780,April; May; June,0,1,0,0,NULL
1860,2002,2003,1,780,April; May; June,0,1,0,0,NULL
1861,2002,2003,1,780,April; May; June,0,1,0,0,NULL
1862,2002,2003,1,780,April; May; June,0,1,0,0,NULL
1863,2001,2001,1,845,July,0,1,0,0,NULL
1864,2001,2001,1,845,July,0,1,0,0,NULL
1865,2000,2000,1,845,September,0,1,0,0,NULL
1866,2000,2000,1,845,September,0,1,0,0,NULL
1867,2004,2004,1,676,June,0,1,0,0,NULL
1868,2002,2002,1,2700,June,0,1,0,0,used trap nights minus traps that were sprung or faulty--did not give this number
1869,2000,2001,3,NULL,June; July,0,1,0,0,NULL
1870,2000,2001,3,NULL,June; July,0,1,0,0,NULL
1871,2000,2001,3,NULL,June; July,0,1,0,0,NULL
1872,2000,2001,3,NULL,June; July,0,1,0,0,NULL
1873,2000,2001,3,NULL,June; July,0,1,0,0,NULL
1874,2000,2001,3,NULL,June; July,0,1,0,0,NULL
1875,1997,1997,2,4800,June; July,0,1,0,0,NULL
1876,1997,1997,2,4800,June; July,0,1,0,0,NULL
1877,1993,1994,2,17760,June; July,0,1,0,1,NULL
1878,1993,1994,2,1200,June; July,0,1,0,1,NULL
1879,1993,1994,2,1440,June; July,0,1,0,1,NULL
1880,2005,2005,2,330,October; November,0,1,0,0,NULL
1881,2005,2005,1,561,October,0,1,0,0,NULL
1882,2005,2005,3,272,February; October; November,0,1,0,0,NULL
1883,2005,2005,1,123,February,0,1,0,0,NULL
1884,2005,2005,1,42,February,0,1,0,0,NULL
1885,2005,2005,2,60,January; February,0,1,0,0,NULL
1886,2005,2005,1,159,November,0,1,0,0,NULL
1887,2005,2005,1,60,November,0,1,0,0,NULL
1888,2005,2005,1,117,November,0,1,0,0,NULL
1889,2005,2005,1,111,November,0,1,0,0,NULL
1890,2005,2005,1,102,November,0,1,0,0,NULL
1891,2005,2005,1,111,November,0,1,0,0,NULL
1892,2005,2005,2,273,January; February,0,1,0,0,NULL
1893,2005,2005,1,42,February,0,1,0,0,NULL
1894,2005,2005,1,180,February,0,1,0,0,NULL
1895,2003,2004,NULL,3234,NULL,0,1,0,1,NULL
1896,1998,1998,2,1040,June; July,0,1,0,1,NULL
1897,1998,1998,2,1040,June; July,0,1,0,1,NULL
1898,1998,1998,2,940,June; July,0,1,0,1,NULL
1899,1998,1998,2,1040,June; July,0,1,0,1,NULL
1900,1998,1998,2,1040,June; July,0,1,0,1,NULL
1901,1998,1998,2,1040,June; July,0,1,0,1,NULL
1902,1998,1998,2,940,June; July,0,1,0,1,NULL
1903,1998,1998,2,1040,June; July,0,1,0,1,NULL
1904,1997,1998,16,100667,all,1,1,1,1,18 grids; 13 pitfall traplines; 4 arboreal transects; and 12 line transects
1905,1933,1986,NULL,NULL,NULL,NULL,NULL,NULL,NULL,NULL
1906,1981,1983,21,NULL,all,0,0,1,1,NULL
1907,1964,1965,1,300,August,0,1,1,0,NULL
1908,1964,1965,2,700,March; September,0,1,1,0,NULL
1909,1964,1965,3,900,February; July; December,0,1,1,0,NULL
1910,1977,1990,NULL,NULL,NULL,0,1,0,0,NULL
1911,NULL,NULL,NULL,NULL,NULL,NULL,NULL,NULL,NULL,NULL
1912,NULL,NULL,NULL,NULL,NULL,NULL,NULL,NULL,NULL,NULL
1913,NULL,NULL,NULL,NULL,NULL,NULL,NULL,NULL,NULL,NULL
1914,NULL,NULL,NULL,NULL,NULL,NULL,NULL,NULL,NULL,NULL
1915,NULL,NULL,NULL,NULL,NULL,NULL,NULL,NULL,NULL,NULL
1916,NULL,NULL,NULL,NULL,NULL,NULL,NULL,NULL,NULL,NULL
1917,NULL,NULL,NULL,NULL,NULL,NULL,NULL,NULL,NULL,NULL
1918,1971,1973,5,NULL,spring; summer,NULL,NULL,NULL,NULL,NULL
1919,1971,1973,5,NULL,spring; summer,NULL,NULL,NULL,NULL,NULL
1920,1981,1982,10,570,January; February; March; May; June; July; August; October; December,0,1,0,0,spotlighting; specimens examined
1921,1949,1984,NULL,NULL,NULL,0,0,0,0,NULL
1922,NULL,NULL,NULL,NULL,NULL,NULL,NULL,NULL,NULL,NULL
1923,NULL,NULL,NULL,NULL,NULL,NULL,NULL,NULL,NULL,NULL
1924,NULL,NULL,NULL,NULL,NULL,NULL,NULL,NULL,NULL,NULL
1925,1981,1984,8,34000,spring; summer; fall,0,1,0,0,NULL
1926,1964,1965,3,1534,February; March; October,0,1,1,0,NULL
1927,1964,1965,3,1040,January; May; October,0,1,1,0,NULL
1928,1964,1965,3,900,January; April; October,0,1,1,0,NULL
1929,1964,1965,3,900,February; May; November,0,1,1,0,NULL
1930,NULL,NULL,NULL,NULL,NULL,NULL,NULL,NULL,NULL,NULL
1931,NULL,NULL,NULL,NULL,NULL,NULL,NULL,NULL,NULL,NULL
1932,NULL,NULL,NULL,NULL,NULL,NULL,NULL,NULL,NULL,NULL
1933,NULL,NULL,NULL,NULL,NULL,NULL,NULL,NULL,NULL,NULL
1934,NULL,NULL,NULL,NULL,NULL,NULL,NULL,NULL,NULL,NULL
1935,1981,1982,10,892,January; February; March; May; June; July; August; October; December,0,1,0,0,spotlighting; specimens examined
1936,1981,1982,10,2880,January; February; March; May; June; July; August; October; December,0,1,0,0,spotlighting; specimens examined
1937,1981,1982,10,1575,January; February; March; May; June; July; August; October; December,0,1,0,0,spotlighting; specimens examined
1938,1981,1982,10,1073,January; February; March; May; June; July; August; October; December,0,1,0,0,spotlighting; specimens examined
1939,1981,1982,10,293,January; February; March; May; June; July; August; October; December,0,1,0,0,spotlighting; specimens examined
1940,1981,1982,10,793,January; February; March; May; June; July; August; October; December,0,1,0,0,spotlighting; specimens examined
1941,1981,1982,10,1444,January; February; March; May; June; July; August; October; December,0,1,0,0,spotlighting; specimens examined
1942,1981,1982,10,1100,January; February; March; May; June; July; August; October; December,0,1,0,0,spotlighting; specimens examined
1943,1981,1982,10,963,January; February; March; May; June; July; August; October; December,0,1,0,0,spotlighting; specimens examined
1944,1978,1978,12,4704,all,0,1,0,0,NULL
1944,1979,1979,11,4312,January; February; March; April; May; June; July; August; September; October; November,0,1,0,0,NULL
1944,1980,1980,12,4704,all,0,1,0,0,NULL
1944,1981,1981,12,4704,all,0,1,0,0,NULL
1944,1982,1982,11,4312,January; February; March; April; May; June; July; August; September; November,0,1,0,0,NULL
1944,1983,1983,12,4704,all,0,1,0,0,NULL
1944,1984,1984,10,3920,February; March; April; May; June; July; August; September; October; December,0,1,0,0,NULL
1944,1985,1985,11,4312,January; February; March; May; June; July; August; September; October; November; December,0,1,0,0,NULL
1944,1986,1986,10,3920,March; April; May; June; July; August; September; October; November; December,0,1,0,0,NULL
1944,1987,1987,11,4312,January; February; March; April; May; June; July; August; September; October; November,0,1,0,0,NULL
1944,1988,1988,12,4704,all,0,1,0,0,NULL
1944,1989,1989,12,4704,all,0,1,0,0,NULL
1944,1990,1990,12,5096,all,0,1,0,0,NULL
1944,1991,1991,12,4704,all,0,1,0,0,NULL
1944,1992,1992,12,4704,all,0,1,0,0,NULL
1944,1993,1993,12,4704,all,0,1,0,0,NULL
1944,1994,1994,12,4704,all,0,1,0,0,NULL
1944,1995,1995,12,5096,all,0,1,0,0,NULL
1944,1996,1996,12,4704,all,0,1,0,0,NULL
1944,1997,1997,11,4312,February; March; April; May; June; July; August; September; October; November; December,0,1,0,0,NULL
1944,1998,1998,12,4704,all,0,1,0,0,NULL
1944,1999,1999,10,3920,January; February; March; April; May; June; September; October; November; December,0,1,0,0,NULL
1944,2000,2000,11,4312,January; February; March; April; May; June; July; August; September; November; December,0,1,0,0,NULL
1944,2001,2001,12,4704,all,0,1,0,0,NULL
1944,2002,2002,12,4704,all,0,1,0,0,NULL
1944,2003,2003,12,4704,all,0,1,0,0,NULL
1944,2004,2004,12,4704,all,0,1,0,0,NULL
1944,2005,2005,11,4312,January; March; April; May; June; July; August; September; October; November; December,0,1,0,0,NULL
1944,2006,2006,12,4704,all,0,1,0,0,NULL
1945,1994,1995,7,2452,January; March; July; September; October; November; March,0,1,0,0,wire mesh BTS traps; Sherman traps; INRA traps
1946,2003,2005,1,NULL,NULL,0,1,0,0,TN given as a lumped value for all sites (3433 house TN; 4707 proximal cultivation TN; 2337 distal cultivation TN; 2306 forest TN)
1947,2003,2005,1,NULL,NULL,0,1,0,0,TN given as a lumped value for all sites (3433 house TN; 4707 proximal cultivation TN; 2337 distal cultivation TN; 2306 forest TN)
1948,2003,2005,1,NULL,NULL,0,1,0,0,TN given as a lumped value for all sites (3433 house TN; 4707 proximal cultivation TN; 2337 distal cultivation TN; 2306 forest TN)
1949,2003,2005,1,NULL,NULL,0,1,0,0,TN given as a lumped value for all sites (3433 house TN; 4707 proximal cultivation TN; 2337 distal cultivation TN; 2306 forest TN)
1950,2003,2005,6,NULL,NULL,0,1,0,0,TN given as a lumped value for all sites (3433 house TN; 4707 proximal cultivation TN; 2337 distal cultivation TN; 2306 forest TN)
1951,2003,2005,6,NULL,NULL,0,1,0,0,TN given as a lumped value for all sites (3433 house TN; 4707 proximal cultivation TN; 2337 distal cultivation TN; 2306 forest TN)
1952,2003,2005,6,NULL,NULL,0,1,0,0,TN given as a lumped value for all sites (3433 house TN; 4707 proximal cultivation TN; 2337 distal cultivation TN; 2306 forest TN)
1953,2003,2005,6,NULL,NULL,0,1,0,0,TN given as a lumped value for all sites (3433 house TN; 4707 proximal cultivation TN; 2337 distal cultivation TN; 2306 forest TN)
1954,2003,2005,5,NULL,NULL,0,1,0,0,TN given as a lumped value for all sites (3433 house TN; 4707 proximal cultivation TN; 2337 distal cultivation TN; 2306 forest TN)
1955,2003,2005,5,NULL,NULL,0,1,0,0,TN given as a lumped value for all sites (3433 house TN; 4707 proximal cultivation TN; 2337 distal cultivation TN; 2306 forest TN)
1956,2003,2005,5,NULL,NULL,0,1,0,0,TN given as a lumped value for all sites (3433 house TN; 4707 proximal cultivation TN; 2337 distal cultivation TN; 2306 forest TN)
1957,2005,2007,4,1440,December; February; August; September,0,1,1,1,
1958,2005,2007,3,1080,December; February; August,0,1,1,1,
1959,2005,2007,4,1440,December; February; August; September,0,1,1,1,
1960,2005,2007,4,1440,December; February; August; September,0,1,1,1,
1961,2001,2001,1,224,January ,0,1,0,0,January 1 - Jan 18; sherman folding traps and PVC traps were used
1961,2002,2002,1,224,January; February,0,1,0,0,Jan 20 - Feb 8; sherman folding traps and PVC live traps were used
1962,2001,2001,1,224,January ,0,1,0,0,January 1 - Jan 18; sherman folding traps and PVC traps were used
1962,2002,2002,1,224,January; February,0,1,0,0,Jan 20 - Feb 8; sherman folding traps and PVC live traps were used
1963,2001,2001,1,224,January ,0,1,0,0,January 1 - Jan 18; sherman folding traps and PVC traps were used
1963,2002,2002,1,224,January; February,0,1,0,0,Jan 20 - Feb 8; sherman folding traps and PVC live traps were used
1964,2001,2001,1,224,January ,0,1,0,0,January 1 - Jan 18; sherman folding traps and PVC traps were used
1964,2002,2002,1,224,January; February,0,1,0,0,Jan 20 - Feb 8; sherman folding traps and PVC live traps were used
1965,2001,2001,1,224,January ,0,1,0,0,January 1 - Jan 18; sherman folding traps and PVC traps were used
1965,2002,2002,1,224,January; February,0,1,0,0,Jan 20 - Feb 8; sherman folding traps and PVC live traps were used
1966,2001,2001,1,224,January ,0,1,0,0,January 1 - Jan 18; sherman folding traps and PVC traps were used
1966,2002,2002,1,224,January; February,0,1,0,0,Jan 20 - Feb 8; sherman folding traps and PVC live traps were used
1967,2001,2001,1,224,January ,0,1,0,0,January 1 - Jan 18; sherman folding traps and PVC traps were used
1967,2002,2002,1,224,January; February,0,1,0,0,Jan 20 - Feb 8; sherman folding traps and PVC live traps were used
1968,2001,2001,1,224,January ,0,1,0,0,January 1 - Jan 18; sherman folding traps and PVC traps were used
1968,2002,2002,1,224,January; February,0,1,0,0,Jan 20 - Feb 8; sherman folding traps and PVC live traps were used
1969,2001,2001,1,224,January ,0,1,0,0,January 1 - Jan 18; sherman folding traps and PVC traps were used
1969,2002,2002,1,224,January; February,0,1,0,0,Jan 20 - Feb 8; sherman folding traps and PVC live traps were used
1970,2001,2001,1,224,January ,0,1,0,0,January 1 - Jan 18; sherman folding traps and PVC traps were used
1970,2002,2002,1,224,January; February,0,1,0,0,Jan 20 - Feb 8; sherman folding traps and PVC live traps were used
1971,2001,2001,1,224,January ,0,1,0,0,January 1 - Jan 18; sherman folding traps and PVC traps were used
1971,2002,2002,1,224,January; February,0,1,0,0,Jan 20 - Feb 8; sherman folding traps and PVC live traps were used
1972,2001,2001,1,224,January ,0,1,0,0,January 1 - Jan 18; sherman folding traps and PVC traps were used
1972,2002,2002,1,224,January; February,0,1,0,0,Jan 20 - Feb 8; sherman folding traps and PVC live traps were used
1973,2001,2001,1,224,January ,0,1,0,0,January 1 - Jan 18; sherman folding traps and PVC traps were used
1973,2002,2002,1,224,January; February,0,1,0,0,Jan 20 - Feb 8; sherman folding traps and PVC live traps were used
1974,2001,2001,1,224,January ,0,1,0,0,January 1 - Jan 18; sherman folding traps and PVC traps were used
1974,2002,2002,1,224,January; February,0,1,0,0,Jan 20 - Feb 8; sherman folding traps and PVC live traps were used
1975,2001,2001,1,224,January ,0,1,0,0,January 1 - Jan 18; sherman folding traps and PVC traps were used
1975,2002,2002,1,224,January; February,0,1,0,0,Jan 20 - Feb 8; sherman folding traps and PVC live traps were used
1976,2001,2001,1,224,January ,0,1,0,0,January 1 - Jan 18; sherman folding traps and PVC traps were used
1976,2002,2002,1,224,January; February,0,1,0,0,Jan 20 - Feb 8; sherman folding traps and PVC live traps were used
1977,2001,2001,1,224,January ,0,1,0,0,January 1 - Jan 18; sherman folding traps and PVC traps were used
1977,2002,2002,1,224,January; February,0,1,0,0,Jan 20 - Feb 8; sherman folding traps and PVC live traps were used
1978,2006,2006,NULL,1410,July - October,1,1,0,1,unknown which months/days trapped at each particular site
1979,2006,2006,NULL,1410,July - October,1,1,0,1,unknown which months/days trapped at each particular site
1980,2006,2006,NULL,1410,July - October,1,1,0,1,unknown which months/days trapped at each particular site
1981,2006,2006,NULL,1410,July - October,1,1,0,1,unknown which months/days trapped at each particular site
1982,2006,2006,NULL,1410,July - October,1,1,0,1,unknown which months/days trapped at each particular site
1983,2006,2006,NULL,1410,July - October,1,1,0,1,unknown which months/days trapped at each particular site
1984,2006,2006,NULL,1410,July - October,1,1,0,1,unknown which months/days trapped at each particular site
1985,2006,2006,NULL,1410,July - October,1,1,0,1,unknown which months/days trapped at each particular site
1986,2006,2006,NULL,1410,July - October,1,1,0,1,unknown which months/days trapped at each particular site
1987,2006,2006,NULL,1410,July - October,1,1,0,1,unknown which months/days trapped at each particular site
1988,2006,2006,NULL,1410,July - October,1,1,0,1,unknown which months/days trapped at each particular site
1989,2006,2006,NULL,1410,July - October,1,1,0,1,unknown which months/days trapped at each particular site
1990,1982,1982,3,3156,September; October; November,1,1,1,0,
1991,1984,1984,2,5205,February; May,1,1,1,0,
1992,1984,1985,NULL,4153,November - March,1,1,1,0,
1993,2002,2003,5,1600,December; August,0,1,1,0,other months possibly included; but not named
1994,2006,2006,1,292,January,1,1,1,1,transects; 2 lines approx. 75 traps each trapped for 2 or 3 consecutive nights
1995,2006,2006,1,268,January,1,1,1,1,transects; 2 lines approx. 75 traps each trapped for 2 or 3 consecutive nights
1996,2006,2006,1,432,January,1,1,1,1,transects; 2 lines approx. 75 traps each trapped for 2 or 3 consecutive nights
1997,2006,2006,1,288,January,1,1,1,1,transects; 2 lines approx. 75 traps each trapped for 2 or 3 consecutive nights
1998,2006,2006,1,288,January,1,1,1,1,transects; 2 lines approx. 75 traps each trapped for 2 or 3 consecutive nights
1999,1987,1987,2,1800,March; April; August,0,1,0,0,transects; 9 transects; 20 traps each
2000,1986,1987,4,600,all,0,1,0,0,transects; 3 transects; 10 cage traps each
